classification	file_line	authored_field	sentinel	falls_back_to	author_can_tell	guard_rule	asset_glob	guard_message
legitimate-sentinel	Assets/_Game/Scripts/Runtime/Unity/ContentConversion/ContentConversionShared.cs:18	SM.Core.Content.BudgetCard	missing budget card	no compiled governance summary	true	documented	-	-
legitimate-sentinel	Assets/_Game/Scripts/Runtime/Unity/ContentConversion/ContentConversionShared.cs:27	SM.Core.Content.BudgetCard.Vector	missing vector	governance final score 0	false	documented	-	-
legitimate-sentinel	Assets/_Game/Scripts/Runtime/Unity/ContentConversion/ContentConversionShared.cs:28	SM.Core.Content.BudgetCard.DeclaredThreatPatterns	null list	empty threat-pattern list	false	documented	-	-
legitimate-sentinel	Assets/_Game/Scripts/Runtime/Unity/ContentConversion/ContentConversionShared.cs:29	SM.Core.Content.BudgetCard.DeclaredCounterTools	null list	empty counter-tool list	false	documented	-	-
legitimate-sentinel	Assets/_Game/Scripts/Runtime/Unity/ContentConversion/ContentConversionShared.cs:56	SM.Content.Definitions.UnitArchetypeDefinition.Class	missing class	archetype BaseCritChance and BaseCritMultiplier	false	documented	-	-
trap	Assets/_Game/Scripts/Runtime/Unity/ContentConversion/ContentConversionShared.cs:60	SM.Content.Definitions.ClassDefinition.BaseCritMultiplier	value below 1	zero critical multiplier bonus	false	lt:1	Assets/Resources/_Game/Content/Definitions/Classes/*.asset	Wrong: BaseCritMultiplier below 1 is silently raised after conversion. Runtime actually uses a zero critical multiplier bonus. Choose wire it / delete it / mark it.
trap	Assets/_Game/Scripts/Runtime/Unity/ContentConversion/ContentConversionShared.cs:66	SM.Content.Definitions.UnitArchetypeDefinition.BaseArmor	0	BaseDefense	false	eq:0	Assets/Resources/_Game/Content/Definitions/Archetypes/*.asset	Wrong: BaseArmor 0 does not author zero armor. Runtime actually substitutes BaseDefense. Choose wire it / delete it / mark it.
trap	Assets/_Game/Scripts/Runtime/Unity/ContentConversion/ContentConversionShared.cs:71	SM.Content.Definitions.UnitArchetypeDefinition.BasePhysPower	0	BaseAttack	false	eq:0	Assets/Resources/_Game/Content/Definitions/Archetypes/*.asset	Wrong: BasePhysPower 0 does not author zero physical power. Runtime actually substitutes BaseAttack. Choose wire it / delete it / mark it.
trap	Assets/_Game/Scripts/Runtime/Unity/ContentConversion/ContentConversionShared.cs:73	SM.Content.Definitions.UnitArchetypeDefinition.BaseAttackSpeed	0	BaseSpeed	false	eq:0	Assets/Resources/_Game/Content/Definitions/Archetypes/*.asset	Wrong: BaseAttackSpeed 0 does not author zero attack speed. Runtime actually substitutes BaseSpeed. Choose wire it / delete it / mark it.
trap	Assets/_Game/Scripts/Runtime/Unity/ContentConversion/ContentConversionShared.cs:76	SM.Content.Definitions.UnitArchetypeDefinition.BaseSkillHaste	0	BaseCooldownRecovery	false	eq:0	Assets/Resources/_Game/Content/Definitions/Archetypes/*.asset	Wrong: BaseSkillHaste 0 does not author zero skill haste. Runtime actually substitutes BaseCooldownRecovery. Choose wire it / delete it / mark it.
trap	Assets/_Game/Scripts/Runtime/Unity/ContentConversion/ContentConversionShared.cs:88	SM.Content.Definitions.UnitArchetypeDefinition.BasePreferredDistance	0	BaseAttackRange	false	eq:0	Assets/Resources/_Game/Content/Definitions/Archetypes/*.asset	Wrong: BasePreferredDistance 0 does not author zero preferred distance. Runtime actually substitutes BaseAttackRange. Choose wire it / delete it / mark it.
trap	Assets/_Game/Scripts/Runtime/Unity/ContentConversion/ContentConversionShared.cs:107	SM.Content.Definitions.ClassDefinition.BaselineDamageMultiplierPercent	outside 1..200	clamped to 1..200 percent	false	outside:1:200	Assets/Resources/_Game/Content/Definitions/Classes/*.asset	Wrong: BaselineDamageMultiplierPercent outside 1..200 is silently changed. Runtime actually clamps it into 1..200. Choose wire it / delete it / mark it.
trap	Assets/_Game/Scripts/Runtime/Unity/ContentConversion/ContentConversionShared.cs:124	SM.Content.Definitions.ClassDefinition.CritChanceCap	negative	0	false	lt:0	Assets/Resources/_Game/Content/Definitions/Classes/*.asset	Wrong: negative CritChanceCap is silently changed. Runtime actually clamps it to 0. Choose wire it / delete it / mark it.
trap	Assets/_Game/Scripts/Runtime/Unity/ContentConversion/ContentConversionShared.cs:130	SM.Content.Definitions.ClassDefinition.CritMultiplierCap	below 1	zero bonus cap	false	lt:1	Assets/Resources/_Game/Content/Definitions/Classes/*.asset	Wrong: CritMultiplierCap below 1 is silently changed. Runtime actually uses a zero bonus cap. Choose wire it / delete it / mark it.
legitimate-sentinel	Assets/_Game/Scripts/Runtime/Unity/ContentConversion/ContentConversionShared.cs:156	all authored collection fields	null collection	empty collection	false	documented	-	-
legitimate-sentinel	Assets/_Game/Scripts/Runtime/Unity/ContentConversion/ContentConversionShared.cs:171	all NameKey and legacy display fields	empty legacy display or NameKey	legacy display then NameKey then stable id/fallback	false	documented	-	-
legitimate-sentinel	Assets/_Game/Scripts/Runtime/Unity/ContentConversion/ContentConversionShared.cs:186	SM.Content.Definitions.TraitPoolDefinition.ArchetypeId	empty	traitpool_ Id suffix then Unity object-name suffix then empty	false	documented	-	-
legitimate-sentinel	Assets/_Game/Scripts/Runtime/Unity/ContentConversion/ContentConversionShared.cs:215	all RuleModifierTags	empty tag list	no combat rule package	true	documented	-	-
trap	Assets/_Game/Scripts/Runtime/Unity/ContentConversion/SkillConverter.cs:26	SM.Content.Definitions.StatusApplicationRule.StatusId	empty	application is silently dropped	false	empty	Assets/Resources/_Game/Content/Definitions/Skills/*.asset	Wrong: an empty StatusId silently removes the authored status application. Runtime actually drops that application. Choose wire it / delete it / mark it.
legitimate-sentinel	Assets/_Game/Scripts/Runtime/Unity/ContentConversion/SkillConverter.cs:28	SM.Content.Definitions.StatusApplicationRule.Id	empty	skillId:statusId derived id	false	documented	-	-
trap	Assets/_Game/Scripts/Runtime/Unity/ContentConversion/SkillConverter.cs:32	SM.Content.Definitions.StatusApplicationRule.MaxStacks	0 or negative	1	false	lte:0	Assets/Resources/_Game/Content/Definitions/Skills/*.asset	Wrong: MaxStacks at or below 0 does not disable stacking. Runtime actually forces MaxStacks to 1. Choose wire it / delete it / mark it.
trap	Assets/_Game/Scripts/Runtime/Combat/Model/UnitSnapshot.cs:644	SM.Content.Definitions.StatusApplicationRule.MaxStacks	greater than 1 on a non-ShredsDefense status	stack count grows but magnitude and duration merge by maximum	false	existing-validator:StatusMagnitudeChannelCatalogValidator	-	Wrong: MaxStacks above 1 looks multiplicative for every status. Runtime actually consumes stacks only for ShredsDefense and merges other magnitude and duration by maximum. Choose wire it / delete it / mark it.
legitimate-sentinel	Assets/_Game/Scripts/Runtime/Unity/ContentConversion/SkillConverter.cs:36	SM.Content.Definitions.SkillDefinitionAsset.EffectFamilyId	empty	recruit-skill fallback effect family	false	documented	-	-
legitimate-sentinel	Assets/_Game/Scripts/Runtime/Unity/ContentConversion/SkillConverter.cs:44	SM.Content.Definitions.SkillDefinitionAsset.CleanseProfileId	null	empty cleanse profile id	true	documented	-	-
legitimate-sentinel	Assets/_Game/Scripts/Runtime/Unity/ContentConversion/SkillConverter.cs:46	SM.Content.Definitions.SkillDefinitionAsset.RecruitNativeTags	empty	recruit-skill fallback native tags	false	documented	-	-
legitimate-sentinel	Assets/_Game/Scripts/Runtime/Unity/ContentConversion/SkillConverter.cs:52	SM.Content.Definitions.SkillDefinitionAsset.RecruitPlanTags	empty	recruit-skill fallback plan tags	false	documented	-	-
legitimate-sentinel	Assets/_Game/Scripts/Runtime/Unity/ContentConversion/SkillConverter.cs:58	SM.Content.Definitions.SkillDefinitionAsset.RecruitScoutTags	empty	recruit-skill fallback scout tags	false	documented	-	-
trap	Assets/_Game/Scripts/Runtime/Unity/ContentConversion/SkillConverter.cs:98	SM.Content.Definitions.SkillDefinitionAsset.InterruptRefundScalar	outside 0..1	clamped to 0..1	false	outside:0:1	Assets/Resources/_Game/Content/Definitions/Skills/*.asset	Wrong: InterruptRefundScalar outside 0..1 is silently changed. Runtime actually clamps it into 0..1. Choose wire it / delete it / mark it.
legitimate-sentinel	Assets/_Game/Scripts/Runtime/Unity/ContentConversion/SkillConverter.cs:100	SM.Content.Definitions.SkillDefinitionAsset.MutuallyExclusiveGroupId	empty	recruit-skill fallback group	false	documented	-	-
trap	Assets/_Game/Scripts/Runtime/Unity/ContentConversion/SkillConverter.cs:106	SM.Content.Definitions.SkillDefinitionAsset.Radius	negative	0	false	lt:0	Assets/Resources/_Game/Content/Definitions/Skills/*.asset	Wrong: negative Radius is silently changed. Runtime actually clamps it to 0. Choose wire it / delete it / mark it.
legitimate-sentinel	Assets/_Game/Scripts/Runtime/Unity/ContentConversion/SkillConverter.cs:108	SM.Content.Definitions.SkillDefinitionAsset.IconId	empty	skill_icon_ plus stripped skill id	false	documented	-	-
legitimate-sentinel	Assets/_Game/Scripts/Runtime/Unity/ContentConversion/SkillConverter.cs:109	SM.Content.Definitions.SkillDefinitionAsset.VfxHookId	empty	vfx. plus skill id	false	documented	-	-
trap	Assets/_Game/Scripts/Runtime/Unity/ContentConversion/SkillConverter.cs:112	SM.Content.Definitions.SkillDefinitionAsset.DisplacementDistance	negative	0	false	lt:0	Assets/Resources/_Game/Content/Definitions/Skills/*.asset	Wrong: negative DisplacementDistance is silently changed. Runtime actually clamps it to 0. Choose wire it / delete it / mark it.
trap	Assets/_Game/Scripts/Runtime/Unity/ContentConversion/SkillConverter.cs:116	SM.Content.Definitions.SkillDefinitionAsset.OpeningLockSeconds	negative	0	false	lt:0	Assets/Resources/_Game/Content/Definitions/Skills/*.asset	Wrong: negative OpeningLockSeconds is silently changed. Runtime actually clamps it to 0. Choose wire it / delete it / mark it.
legitimate-sentinel	Assets/_Game/Scripts/Runtime/Unity/ContentConversion/SkillConverter.cs:122	SM.Content.Definitions.SkillDefinitionAsset.SupportModifier	null	no support modifier	true	documented	-	-
legitimate-sentinel	Assets/_Game/Scripts/Runtime/Unity/ContentConversion/SkillConverter.cs:142	SM.Content.Definitions.SupportModifierSpec	identity values	no compiled support modifier	false	documented	-	-
legitimate-sentinel	Assets/_Game/Scripts/Runtime/Unity/ContentConversion/SkillConverter.cs:163	SM.Content.Definitions.SupportModifierSpec.AddedStatuses	empty	null compiled added-status list	false	documented	-	-
legitimate-sentinel	Assets/_Game/Scripts/Runtime/Unity/ContentConversion/SkillConverter.cs:165	SM.Content.Definitions.SupportModifierSpec.OwnerModifiers	empty	null compiled owner-modifier list	false	documented	-	-
legitimate-sentinel	Assets/_Game/Scripts/Runtime/Unity/ContentConversion/SkillConverter.cs:170	SM.Content.Definitions.SkillDefinitionAsset.TriggeredEffects	null or empty	no triggered effects	true	documented	-	-
trap	Assets/_Game/Scripts/Runtime/Unity/ContentConversion/SkillConverter.cs:186	SM.Content.Definitions.TriggeredEffectSpec.MaxStacks	0 or negative	1	false	lte:0	Assets/Resources/_Game/Content/Definitions/Skills/*.asset	Wrong: triggered-effect MaxStacks at or below 0 does not disable stacking. Runtime actually forces MaxStacks to 1. Choose wire it / delete it / mark it.
legitimate-sentinel	Assets/_Game/Scripts/Runtime/Unity/ContentConversion/SkillConverter.cs:194	SM.Content.Definitions.BasicAttackDefinition.Id	empty	archetypeId:basic_attack derived id	false	documented	-	-
legitimate-sentinel	Assets/_Game/Scripts/Runtime/Unity/ContentConversion/SkillConverter.cs:195	SM.Content.Definitions.BasicAttackDefinition.NameKey	missing basic attack or empty NameKey	Basic Attack	false	documented	-	-
legitimate-sentinel	Assets/_Game/Scripts/Runtime/Unity/ContentConversion/SkillConverter.cs:203	SM.Content.Definitions.BasicAttackDefinition.TargetRule	missing	new default TargetRule	false	documented	-	-
legitimate-sentinel	Assets/_Game/Scripts/Runtime/Unity/ContentConversion/SkillConverter.cs:204	SM.Content.Definitions.BasicAttackDefinition.Lane	missing	Primary lane	false	documented	-	-
legitimate-sentinel	Assets/_Game/Scripts/Runtime/Unity/ContentConversion/SkillConverter.cs:205	SM.Content.Definitions.BasicAttackDefinition.LockRule	missing	SoftCommit	false	documented	-	-
legitimate-sentinel	Assets/_Game/Scripts/Runtime/Unity/ContentConversion/SkillConverter.cs:208	SM.Content.Definitions.BasicAttackDefinition.WeaponHandedness	missing	weapon-family handedness decision	false	documented	-	-
legitimate-sentinel	Assets/_Game/Scripts/Runtime/Unity/ContentConversion/SkillConverter.cs:220	SM.Content.Definitions.PassiveDefinition.Id	missing authored passive or empty id	compiled fallback skill id then slot fallback id	false	documented	-	-
legitimate-sentinel	Assets/_Game/Scripts/Runtime/Unity/ContentConversion/SkillConverter.cs:221	SM.Content.Definitions.PassiveDefinition.NameKey	missing authored passive or empty name	compiled fallback skill name then slot fallback name	false	documented	-	-
legitimate-sentinel	Assets/_Game/Scripts/Runtime/Unity/ContentConversion/SkillConverter.cs:223	SM.Content.Definitions.PassiveDefinition.ActivationModel	missing authored passive	Passive	false	documented	-	-
legitimate-sentinel	Assets/_Game/Scripts/Runtime/Unity/ContentConversion/SkillConverter.cs:224	SM.Content.Definitions.PassiveDefinition.Effects	missing authored passive	compiled fallback skill effects then empty	false	documented	-	-
legitimate-sentinel	Assets/_Game/Scripts/Runtime/Unity/ContentConversion/SkillConverter.cs:226	SM.Content.Definitions.PassiveDefinition.EffectFamilyId	missing authored passive	compiled fallback skill family then empty	false	documented	-	-
legitimate-sentinel	Assets/_Game/Scripts/Runtime/Unity/ContentConversion/SkillConverter.cs:232	SM.Content.Definitions.MobilityDefinition.Profile	missing	archetype mobility profile then disabled None profile	false	documented	-	-
trap	Assets/_Game/Scripts/Runtime/Unity/ContentConversion/SkillConverter.cs:237	SM.Content.Definitions.MobilityProfileDefinition.Distance	negative	0	false	lt:0	Assets/Resources/_Game/Content/Definitions/Archetypes/*.asset	Wrong: negative mobility Distance is silently changed. Runtime actually clamps it to 0. Choose wire it / delete it / mark it.
trap	Assets/_Game/Scripts/Runtime/Unity/ContentConversion/SkillConverter.cs:238	SM.Content.Definitions.MobilityProfileDefinition.Cooldown	negative	0	false	lt:0	Assets/Resources/_Game/Content/Definitions/Archetypes/*.asset	Wrong: negative mobility Cooldown is silently changed. Runtime actually clamps it to 0. Choose wire it / delete it / mark it.
trap	Assets/_Game/Scripts/Runtime/Unity/ContentConversion/SkillConverter.cs:239	SM.Content.Definitions.MobilityProfileDefinition.CastTime	negative	0	false	lt:0	Assets/Resources/_Game/Content/Definitions/Archetypes/*.asset	Wrong: negative mobility CastTime is silently changed. Runtime actually clamps it to 0. Choose wire it / delete it / mark it.
trap	Assets/_Game/Scripts/Runtime/Unity/ContentConversion/SkillConverter.cs:240	SM.Content.Definitions.MobilityProfileDefinition.Recovery	negative	0	false	lt:0	Assets/Resources/_Game/Content/Definitions/Archetypes/*.asset	Wrong: negative mobility Recovery is silently changed. Runtime actually clamps it to 0. Choose wire it / delete it / mark it.
trap	Assets/_Game/Scripts/Runtime/Unity/ContentConversion/SkillConverter.cs:241	SM.Content.Definitions.MobilityProfileDefinition.TriggerMinDistance	negative	0	false	lt:0	Assets/Resources/_Game/Content/Definitions/Archetypes/*.asset	Wrong: negative TriggerMinDistance is silently changed. Runtime actually clamps it to 0. Choose wire it / delete it / mark it.
trap	Assets/_Game/Scripts/Runtime/Unity/ContentConversion/SkillConverter.cs:242	SM.Content.Definitions.MobilityProfileDefinition.TriggerMaxDistance	negative	0	false	lt:0	Assets/Resources/_Game/Content/Definitions/Archetypes/*.asset	Wrong: negative TriggerMaxDistance is silently changed. Runtime actually clamps it to 0. Choose wire it / delete it / mark it.
trap	Assets/_Game/Scripts/Runtime/Unity/ContentConversion/SkillConverter.cs:243	SM.Content.Definitions.MobilityProfileDefinition.LateralBias	outside -1..1	clamped to -1..1	false	outside:-1:1	Assets/Resources/_Game/Content/Definitions/Archetypes/*.asset	Wrong: LateralBias outside -1..1 is silently changed. Runtime actually clamps it into -1..1. Choose wire it / delete it / mark it.
legitimate-sentinel	Assets/_Game/Scripts/Runtime/Unity/ContentConversion/SkillConverter.cs:245	SM.Content.Definitions.MobilityDefinition.Id	empty	archetypeId:mobility derived id	false	documented	-	-
legitimate-sentinel	Assets/_Game/Scripts/Runtime/Unity/ContentConversion/SkillConverter.cs:248	SM.Content.Definitions.MobilityDefinition.TargetRule	missing	new default TargetRule	false	documented	-	-
trap	Assets/_Game/Scripts/Runtime/Combat/Model/UnitSnapshot.cs:764	SM.Content.Definitions.SkillDefinitionAsset.BaseCooldownSeconds	0 or negative	basic attack cooldown	false	lte:0	Assets/Resources/_Game/Content/Definitions/Skills/*.asset	Wrong: BaseCooldownSeconds at or below 0 does not mean immediate reuse for cooldown skills. Runtime actually substitutes the basic attack cooldown. Choose wire it / delete it / mark it.
trap	Assets/_Game/Scripts/Runtime/Combat/Services/TargetScoringService.cs:485	SM.Core.Contracts.TargetRule.MaxAcquireRange	0 or negative	actor AttackRange plus 0.05	false	lte:0	Assets/Resources/_Game/Content/Definitions/Skills/*.asset	Wrong: MaxAcquireRange at or below 0 is not zero range. Runtime actually substitutes actor AttackRange and adds 0.05. Choose wire it / delete it / mark it.
legitimate-sentinel	Assets/_Game/Scripts/Runtime/Combat/Model/UnitSnapshot.cs:1045	SM.Core.Contracts.TargetRule.MinimumCommitSeconds	missing TargetRuleData	0.75 seconds	false	documented	-	-
legitimate-sentinel	Assets/_Game/Scripts/Runtime/Combat/Model/UnitSnapshot.cs:748	compiled skill id	missing skill	actor AttackRange	true	documented	-	-
trap	Assets/_Game/Scripts/Runtime/Combat/Model/UnitSnapshot.cs:630	SM.Content.Definitions.StatusFamilyDefinition.IncomingDamageDelta	combined multiplier below 0.25	0.25 incoming-damage multiplier	false	existing-validator:StatusMagnitudeChannelCatalogValidator	-	Wrong: guarded incoming-damage deltas can cross the runtime floor when combined. Runtime actually clamps the multiplier to 0.25. Choose wire it / delete it / mark it.
trap	Assets/_Game/Scripts/Runtime/Combat/Model/UnitSnapshot.cs:646	SM.Content.Definitions.StatusApplicationRule.Magnitude	reapplication has lower magnitude	existing higher magnitude	false	existing-validator:StatusMagnitudeChannelCatalogValidator	-	Wrong: reapplying a lower status Magnitude does not replace the old value. Runtime actually keeps the maximum magnitude. Choose wire it / delete it / mark it.
trap	Assets/_Game/Scripts/Runtime/Combat/Model/UnitSnapshot.cs:645	SM.Content.Definitions.StatusApplicationRule.DurationSeconds	reapplication has shorter duration while refresh is true	existing longer remaining duration	false	existing-validator:StatusMagnitudeChannelCatalogValidator	-	Wrong: a shorter refreshed DurationSeconds does not shorten an existing status. Runtime actually keeps the maximum remaining duration. Choose wire it / delete it / mark it.
trap	Assets/_Game/Scripts/Runtime/Combat/Model/UnitSnapshot.cs:949	SM.Content.Definitions.StatusApplicationRule.Magnitude	healing reduction above 0.9	0.1 healing-taken multiplier	false	existing-validator:StatusMagnitudeChannelCatalogValidator	-	Wrong: effective healing reduction above 0.9 is silently floored. Runtime actually keeps at least a 0.1 healing-taken multiplier. Choose wire it / delete it / mark it.
trap	Assets/_Game/Scripts/Runtime/Combat/Model/UnitSnapshot.cs:955	SM.Content.Definitions.StatusApplicationRule.Magnitude	tempo reduction above 0.9	0.1 attack-speed and move-speed multiplier	false	existing-validator:StatusMagnitudeChannelCatalogValidator	-	Wrong: effective tempo reduction above 0.9 is silently floored. Runtime actually keeps at least a 0.1 speed multiplier. Choose wire it / delete it / mark it.
legitimate-sentinel	Assets/_Game/Scripts/Runtime/Combat/Model/UnitSnapshot.cs:71	SM.Content.Definitions.StatusFamilyDefinition.IncomingDamageDelta	status rules not injected	-0.1 guarded delta	false	documented	-	-
legitimate-sentinel	Assets/_Game/Scripts/Runtime/Combat/Model/UnitSnapshot.cs:74	all status-family kind and channel fields	status rules not injected	static launch-compatible status rules	false	documented	-	-
trap	Assets/_Game/Scripts/Runtime/Combat/Model/UnitSnapshot.cs:95	SM.Content.Definitions.UnitArchetypeDefinition.BaseAttackRange	below 0.5	0.5 before profile fallback	false	lt:0.5	Assets/Resources/_Game/Content/Definitions/Archetypes/*.asset	Wrong: BaseAttackRange below 0.5 is silently changed during snapshot construction. Runtime actually uses at least 0.5. Choose wire it / delete it / mark it.
trap	Assets/_Game/Scripts/Runtime/Combat/Model/UnitSnapshot.cs:96	SM.Content.Definitions.UnitArchetypeDefinition.BaseCollisionRadius	below 0.1	0.1 before profile fallback	false	lt:0.1	Assets/Resources/_Game/Content/Definitions/Archetypes/*.asset	Wrong: BaseCollisionRadius below 0.1 is silently changed during snapshot construction. Runtime actually uses at least 0.1. Choose wire it / delete it / mark it.
trap	Assets/_Game/Scripts/Runtime/Combat/Model/UnitSnapshot.cs:97	SM.Content.Definitions.UnitArchetypeDefinition.BaseMaxHealth	below 1	1 before profile fallback	false	lt:1	Assets/Resources/_Game/Content/Definitions/Archetypes/*.asset	Wrong: BaseMaxHealth below 1 is silently changed during snapshot construction. Runtime actually uses at least 1 for profile resolution. Choose wire it / delete it / mark it.
trap	Assets/_Game/Scripts/Runtime/Unity/ContentConversion/ArchetypeConverter.cs:107	SM.Content.Definitions.UnitArchetypeDefinition.BaseMaxEnergy	below 1	1	false	lt:1	Assets/Resources/_Game/Content/Definitions/Archetypes/*.asset	Wrong: BaseMaxEnergy below 1 is silently changed. Runtime actually uses 1. Choose wire it / delete it / mark it.
trap	Assets/_Game/Scripts/Runtime/Unity/ContentConversion/ArchetypeConverter.cs:108	SM.Content.Definitions.UnitArchetypeDefinition.BaseStartingEnergy	outside 0..BaseMaxEnergy	clamped into 0..effective max	false	existing-validator:reachability-fallback-registry	-	Wrong: BaseStartingEnergy outside the effective energy range is silently changed. Runtime actually clamps it into 0..max energy. Choose wire it / delete it / mark it.
legitimate-sentinel	Assets/_Game/Scripts/Runtime/Unity/ContentConversion/ArchetypeConverter.cs:119	SM.Content.Definitions.UnitArchetypeDefinition.FootprintProfile	missing	class-derived footprint profile	false	documented	-	-
trap	Assets/_Game/Scripts/Runtime/Unity/ContentConversion/ArchetypeConverter.cs:122	SM.Content.Definitions.FootprintProfileDefinition.NavigationRadius	below 0.15	0.15	false	lt:0.15	Assets/Resources/_Game/Content/Definitions/Archetypes/*.asset	Wrong: NavigationRadius below 0.15 is silently changed. Runtime actually uses at least 0.15. Choose wire it / delete it / mark it.
trap	Assets/_Game/Scripts/Runtime/Unity/ContentConversion/ArchetypeConverter.cs:123	SM.Content.Definitions.FootprintProfileDefinition.SeparationRadius	below 0.2	0.2	false	lt:0.2	Assets/Resources/_Game/Content/Definitions/Archetypes/*.asset	Wrong: SeparationRadius below 0.2 is silently changed. Runtime actually uses at least 0.2. Choose wire it / delete it / mark it.
trap	Assets/_Game/Scripts/Runtime/Unity/ContentConversion/ArchetypeConverter.cs:124	SM.Content.Definitions.FootprintProfileDefinition.CombatReach	below 0.4	0.4	false	lt:0.4	Assets/Resources/_Game/Content/Definitions/Archetypes/*.asset	Wrong: CombatReach below 0.4 is silently changed. Runtime actually uses at least 0.4. Choose wire it / delete it / mark it.
trap	Assets/_Game/Scripts/Runtime/Unity/ContentConversion/ArchetypeConverter.cs:126	SM.Content.Definitions.FootprintProfileDefinition.PreferredRangeMin	negative	0	false	lt:0	Assets/Resources/_Game/Content/Definitions/Archetypes/*.asset	Wrong: negative PreferredRangeMin is silently changed. Runtime actually clamps it to 0. Choose wire it / delete it / mark it.
trap	Assets/_Game/Scripts/Runtime/Unity/ContentConversion/ArchetypeConverter.cs:127	SM.Content.Definitions.FootprintProfileDefinition.PreferredRangeMax	below PreferredRangeMin	PreferredRangeMin	false	existing-validator:reachability-fallback-registry	-	Wrong: PreferredRangeMax below PreferredRangeMin is silently changed. Runtime actually raises max to min. Choose wire it / delete it / mark it.
trap	Assets/_Game/Scripts/Runtime/Unity/ContentConversion/ArchetypeConverter.cs:128	SM.Content.Definitions.FootprintProfileDefinition.EngagementSlotCount	below 1	1	false	lt:1	Assets/Resources/_Game/Content/Definitions/Archetypes/*.asset	Wrong: EngagementSlotCount below 1 is silently changed. Runtime actually uses 1. Choose wire it / delete it / mark it.
trap	Assets/_Game/Scripts/Runtime/Unity/ContentConversion/ArchetypeConverter.cs:129	SM.Content.Definitions.FootprintProfileDefinition.EngagementSlotRadius	below 0.4	0.4	false	lt:0.4	Assets/Resources/_Game/Content/Definitions/Archetypes/*.asset	Wrong: EngagementSlotRadius below 0.4 is silently changed. Runtime actually uses at least 0.4. Choose wire it / delete it / mark it.
trap	Assets/_Game/Scripts/Runtime/Unity/ContentConversion/ArchetypeConverter.cs:131	SM.Content.Definitions.FootprintProfileDefinition.HeadAnchorHeight	below 1.1	1.1	false	lt:1.1	Assets/Resources/_Game/Content/Definitions/Archetypes/*.asset	Wrong: HeadAnchorHeight below 1.1 is silently changed. Runtime actually uses at least 1.1. Choose wire it / delete it / mark it.
legitimate-sentinel	Assets/_Game/Scripts/Runtime/Unity/ContentConversion/ArchetypeConverter.cs:196	SM.Content.Definitions.UnitArchetypeDefinition.BehaviorProfile	missing	class-derived behavior profile	false	documented	-	-
trap	Assets/_Game/Scripts/Runtime/Unity/ContentConversion/ArchetypeConverter.cs:199	SM.Content.Definitions.BehaviorProfileDefinition.ReevaluationInterval	below 0.1	0.1	false	lt:0.1	Assets/Resources/_Game/Content/Definitions/Archetypes/*.asset	Wrong: ReevaluationInterval below 0.1 is silently changed. Runtime actually uses at least 0.1. Choose wire it / delete it / mark it.
trap	Assets/_Game/Scripts/Runtime/Unity/ContentConversion/ArchetypeConverter.cs:200	SM.Content.Definitions.BehaviorProfileDefinition.RangeHysteresis	negative	0	false	lt:0	Assets/Resources/_Game/Content/Definitions/Archetypes/*.asset	Wrong: negative RangeHysteresis is silently changed. Runtime actually clamps it to 0. Choose wire it / delete it / mark it.
trap	Assets/_Game/Scripts/Runtime/Unity/ContentConversion/ArchetypeConverter.cs:201	SM.Content.Definitions.BehaviorProfileDefinition.RetreatBias	outside 0..1	clamped to 0..1	false	outside:0:1	Assets/Resources/_Game/Content/Definitions/Archetypes/*.asset	Wrong: RetreatBias outside 0..1 is silently changed. Runtime actually clamps it into 0..1. Choose wire it / delete it / mark it.
trap	Assets/_Game/Scripts/Runtime/Unity/ContentConversion/ArchetypeConverter.cs:202	SM.Content.Definitions.BehaviorProfileDefinition.MaintainRangeBias	outside 0..1	clamped to 0..1	false	outside:0:1	Assets/Resources/_Game/Content/Definitions/Archetypes/*.asset	Wrong: MaintainRangeBias outside 0..1 is silently changed. Runtime actually clamps it into 0..1. Choose wire it / delete it / mark it.
trap	Assets/_Game/Scripts/Runtime/Unity/ContentConversion/ArchetypeConverter.cs:203	SM.Content.Definitions.BehaviorProfileDefinition.Opportunism	outside 0..1	clamped to 0..1	false	outside:0:1	Assets/Resources/_Game/Content/Definitions/Archetypes/*.asset	Wrong: Opportunism outside 0..1 is silently changed. Runtime actually clamps it into 0..1. Choose wire it / delete it / mark it.
trap	Assets/_Game/Scripts/Runtime/Unity/ContentConversion/ArchetypeConverter.cs:204	SM.Content.Definitions.BehaviorProfileDefinition.Discipline	outside 0..1	clamped to 0..1	false	outside:0:1	Assets/Resources/_Game/Content/Definitions/Archetypes/*.asset	Wrong: Discipline outside 0..1 is silently changed. Runtime actually clamps it into 0..1. Choose wire it / delete it / mark it.
trap	Assets/_Game/Scripts/Runtime/Unity/ContentConversion/ArchetypeConverter.cs:205	SM.Content.Definitions.BehaviorProfileDefinition.DodgeChance	outside 0..1	clamped to 0..1	false	outside:0:1	Assets/Resources/_Game/Content/Definitions/Archetypes/*.asset	Wrong: DodgeChance outside 0..1 is silently changed. Runtime actually clamps it into 0..1. Choose wire it / delete it / mark it.
trap	Assets/_Game/Scripts/Runtime/Unity/ContentConversion/ArchetypeConverter.cs:206	SM.Content.Definitions.BehaviorProfileDefinition.BlockChance	outside 0..1	clamped to 0..1	false	outside:0:1	Assets/Resources/_Game/Content/Definitions/Archetypes/*.asset	Wrong: BlockChance outside 0..1 is silently changed. Runtime actually clamps it into 0..1. Choose wire it / delete it / mark it.
trap	Assets/_Game/Scripts/Runtime/Unity/ContentConversion/ArchetypeConverter.cs:207	SM.Content.Definitions.BehaviorProfileDefinition.BlockMitigation	outside 0..0.9	clamped to 0..0.9	false	outside:0:0.9	Assets/Resources/_Game/Content/Definitions/Archetypes/*.asset	Wrong: BlockMitigation outside 0..0.9 is silently changed. Runtime actually clamps it into 0..0.9. Choose wire it / delete it / mark it.
trap	Assets/_Game/Scripts/Runtime/Unity/ContentConversion/ArchetypeConverter.cs:208	SM.Content.Definitions.BehaviorProfileDefinition.Stability	outside 0..1	clamped to 0..1	false	outside:0:1	Assets/Resources/_Game/Content/Definitions/Archetypes/*.asset	Wrong: Stability outside 0..1 is silently changed. Runtime actually clamps it into 0..1. Choose wire it / delete it / mark it.
trap	Assets/_Game/Scripts/Runtime/Unity/ContentConversion/ArchetypeConverter.cs:209	SM.Content.Definitions.BehaviorProfileDefinition.BlockCooldownSeconds	negative	0	false	lt:0	Assets/Resources/_Game/Content/Definitions/Archetypes/*.asset	Wrong: negative BlockCooldownSeconds is silently changed. Runtime actually clamps it to 0. Choose wire it / delete it / mark it.
trap	Assets/_Game/Scripts/Runtime/Unity/ContentConversion/ArchetypeConverter.cs:212	SM.Content.Definitions.BehaviorProfileDefinition.PreferredRangeMin	negative	0	false	lt:0	Assets/Resources/_Game/Content/Definitions/Archetypes/*.asset	Wrong: negative behavior PreferredRangeMin is silently changed. Runtime actually clamps it to 0. Choose wire it / delete it / mark it.
trap	Assets/_Game/Scripts/Runtime/Unity/ContentConversion/ArchetypeConverter.cs:213	SM.Content.Definitions.BehaviorProfileDefinition.PreferredRangeMax	below PreferredRangeMin	PreferredRangeMin	false	existing-validator:reachability-fallback-registry	-	Wrong: behavior PreferredRangeMax below PreferredRangeMin is silently changed. Runtime actually raises max to min. Choose wire it / delete it / mark it.
trap	Assets/_Game/Scripts/Runtime/Unity/ContentConversion/ArchetypeConverter.cs:214	SM.Content.Definitions.BehaviorProfileDefinition.ApproachBuffer	negative	0	false	lt:0	Assets/Resources/_Game/Content/Definitions/Archetypes/*.asset	Wrong: negative ApproachBuffer is silently changed. Runtime actually clamps it to 0. Choose wire it / delete it / mark it.
trap	Assets/_Game/Scripts/Runtime/Unity/ContentConversion/ArchetypeConverter.cs:215	SM.Content.Definitions.BehaviorProfileDefinition.RetreatBuffer	negative	0	false	lt:0	Assets/Resources/_Game/Content/Definitions/Archetypes/*.asset	Wrong: negative RetreatBuffer is silently changed. Runtime actually clamps it to 0. Choose wire it / delete it / mark it.
trap	Assets/_Game/Scripts/Runtime/Unity/ContentConversion/ArchetypeConverter.cs:216	SM.Content.Definitions.BehaviorProfileDefinition.ChaseLeashMeters	below 0.5	0.5	false	lt:0.5	Assets/Resources/_Game/Content/Definitions/Archetypes/*.asset	Wrong: ChaseLeashMeters below 0.5 is silently changed. Runtime actually uses at least 0.5. Choose wire it / delete it / mark it.
trap	Assets/_Game/Scripts/Runtime/Unity/ContentConversion/ArchetypeConverter.cs:217	SM.Content.Definitions.BehaviorProfileDefinition.RetreatAtHpPercent	outside 0..1	clamped to 0..1	false	outside:0:1	Assets/Resources/_Game/Content/Definitions/Archetypes/*.asset	Wrong: RetreatAtHpPercent outside 0..1 is silently changed. Runtime actually clamps it into 0..1. Choose wire it / delete it / mark it.
trap	Assets/_Game/Scripts/Runtime/Unity/ContentConversion/ArchetypeConverter.cs:218	SM.Content.Definitions.BehaviorProfileDefinition.FrontlineGuardRadius	below 0.5	0.5	false	lt:0.5	Assets/Resources/_Game/Content/Definitions/Archetypes/*.asset	Wrong: FrontlineGuardRadius below 0.5 is silently changed. Runtime actually uses at least 0.5. Choose wire it / delete it / mark it.
legitimate-sentinel	Assets/_Game/Scripts/Runtime/Unity/ContentConversion/ArchetypeConverter.cs:233	SM.Content.Definitions.UnitArchetypeDefinition.MobilityProfile	missing	class-derived mobility profile or no mobility	false	documented	-	-
legitimate-sentinel	Assets/_Game/Scripts/Runtime/Unity/ContentConversion/ArchetypeConverter.cs:278	SM.Content.Definitions.UnitArchetypeDefinition.Skills	empty	built-in archetype skill ids then class skill ids	false	documented	-	-
trap	Assets/_Game/Scripts/Runtime/Unity/ContentConversion/ArchetypeConverter.cs:365	SM.Content.Definitions.UnitLoadoutDefinition.SignatureActive	authored slot and resolved compiler slot disagree	resolved skill/compiler pick wins in battle loadout	false	existing-validator:reachability-shadow	-	Wrong: authored SignatureActive looks authoritative but can be replaced by the resolved loadout compiler pick. Runtime actually uses the compiler winner. Choose wire it / delete it / mark it.
trap	Assets/_Game/Scripts/Runtime/Unity/ContentConversion/ArchetypeConverter.cs:368	SM.Content.Definitions.UnitLoadoutDefinition.FlexActive	authored slot and resolved compiler slot disagree	resolved utility-active compiler pick wins in battle loadout	false	existing-validator:reachability-shadow	-	Wrong: authored FlexActive looks authoritative but can be replaced by the resolved loadout compiler pick. Runtime actually uses the compiler winner. Choose wire it / delete it / mark it.
legitimate-sentinel	Assets/_Game/Scripts/Runtime/Unity/ContentConversion/ArchetypeConverter.cs:430	SM.Content.Definitions.UnitArchetypeDefinition.RecruitFlexActivePool	empty	legacy FlexUtilitySkillPool then resolved FlexActive	false	documented	-	-
legitimate-sentinel	Assets/_Game/Scripts/Runtime/Unity/ContentConversion/ArchetypeConverter.cs:430	SM.Content.Definitions.UnitArchetypeDefinition.RecruitFlexPassivePool	empty	legacy FlexSupportSkillPool then resolved Support skill	false	documented	-	-
trap	Assets/_Game/Scripts/Runtime/Unity/ContentConversion/ArchetypeConverter.cs:460	SM.Content.Definitions.UnitArchetypeDefinition.RecruitFlexActivePool	class fallback pool is larger than authored pool	class fallback pool replaces authored pool	false	existing-validator:reachability-fallback-registry	-	Wrong: a nonempty RecruitFlexActivePool can still be replaced when the class fallback pool is larger. Runtime actually uses the larger class fallback pool. Choose wire it / delete it / mark it.
trap	Assets/_Game/Scripts/Runtime/Unity/ContentConversion/ArchetypeConverter.cs:460	SM.Content.Definitions.UnitArchetypeDefinition.RecruitFlexPassivePool	class fallback pool is larger than authored pool	class fallback pool replaces authored pool	false	existing-validator:reachability-fallback-registry	-	Wrong: a nonempty RecruitFlexPassivePool can still be replaced when the class fallback pool is larger. Runtime actually uses the larger class fallback pool. Choose wire it / delete it / mark it.
trap	Assets/_Game/Scripts/Runtime/Unity/ContentConversion/ArchetypeConverter.cs:483	SM.Content.Definitions.UnitArchetypeDefinition.RecruitTier	BudgetCard exists	BudgetCard rarity-derived tier	false	existing-validator:reachability-fallback-registry	-	Wrong: RecruitTier looks authoritative when a BudgetCard exists. Runtime actually derives the tier from BudgetCard.Rarity. Choose wire it / delete it / mark it.
legitimate-sentinel	Assets/_Game/Scripts/Runtime/Unity/ContentConversion/ArchetypeConverter.cs:495	SM.Content.Definitions.UnitArchetypeDefinition.RecruitPlanTags	empty	id fallback map then inferred class/race/combat tags	false	documented	-	-
legitimate-sentinel	Assets/_Game/Scripts/Runtime/Unity/ContentConversion/ArchetypeConverter.cs:505	SM.Content.Definitions.UnitArchetypeDefinition.ScoutBiasTags	empty	id fallback map then inferred class/race/combat tags	false	documented	-	-
legitimate-sentinel	Assets/_Game/Scripts/Runtime/Unity/ContentConversion/ArchetypeConverter.cs:520	SM.Content.Definitions.UnitArchetypeDefinition.RecruitBannedPairings	empty	class fallback pairings then empty	false	documented	-	-
legitimate-sentinel	Assets/_Game/Scripts/Runtime/Unity/ContentConversion/CampaignConverter.cs:26	SM.Content.Definitions.CampaignChapterDefinition.Balance	missing	HpEnvelope 1; AtkEnvelope 1; site steps 0	false	documented	-	-
legitimate-sentinel	Assets/_Game/Scripts/Runtime/Unity/ContentConversion/CampaignConverter.cs:61	SM.Content.Definitions.SiteGraphDefinition.Nodes	null	empty graph	false	documented	-	-
trap	Assets/_Game/Scripts/Runtime/Unity/ContentConversion/CampaignConverter.cs:112	SM.Content.Definitions.EncounterDefinition.ThreatCost	below 1	1	false	lt:1	Assets/Resources/_Game/Content/Definitions/Encounters/*.asset	Wrong: Encounter ThreatCost below 1 is silently changed. Runtime actually uses 1. Choose wire it / delete it / mark it.
trap	Assets/_Game/Scripts/Runtime/Unity/ContentConversion/CampaignConverter.cs:113	SM.Content.Definitions.EncounterDefinition.ThreatSkulls	below 1	1	false	lt:1	Assets/Resources/_Game/Content/Definitions/Encounters/*.asset	Wrong: Encounter ThreatSkulls below 1 is silently changed. Runtime actually uses 1. Choose wire it / delete it / mark it.
trap	Assets/_Game/Scripts/Runtime/Unity/ContentConversion/CampaignConverter.cs:130	SM.Content.Definitions.EnemySquadTemplateDefinition.ThreatCost	below 1	1	false	lt:1	Assets/Resources/_Game/Content/Definitions/EnemySquads/*.asset	Wrong: enemy squad ThreatCost below 1 is silently changed. Runtime actually uses 1. Choose wire it / delete it / mark it.
legitimate-sentinel	Assets/_Game/Scripts/Runtime/Unity/ContentConversion/CampaignConverter.cs:138	SM.Content.Definitions.EnemySquadMemberDefinition.Id	empty	squadId:archetypeId:anchor derived id	false	documented	-	-
legitimate-sentinel	Assets/_Game/Scripts/Runtime/Unity/ContentConversion/CampaignConverter.cs:139	SM.Content.Definitions.EnemySquadMemberDefinition.CharacterId	empty	ArchetypeId for display fallback	false	documented	-	-
trap	Assets/_Game/Scripts/Runtime/Unity/ContentConversion/CampaignConverter.cs:150	SM.Content.Definitions.EnemySquadMemberDefinition.EquipmentBudget	negative	0	false	lt:0	Assets/Resources/_Game/Content/Definitions/EnemySquads/*.asset	Wrong: negative EquipmentBudget is silently changed. Runtime actually clamps it to 0. Choose wire it / delete it / mark it.
trap	Assets/_Game/Scripts/Runtime/Unity/ContentConversion/CampaignConverter.cs:165	SM.Content.Definitions.BossOverlayDefinition.ThreatCost	below 1	1	false	lt:1	Assets/Resources/_Game/Content/Definitions/BossOverlays/*.asset	Wrong: boss overlay ThreatCost below 1 is silently changed. Runtime actually uses 1. Choose wire it / delete it / mark it.
trap	Assets/_Game/Scripts/Runtime/Unity/ContentConversion/CampaignConverter.cs:179	SM.Content.Definitions.StatusApplicationRule.MaxStacks	0 or negative	1	false	lte:0	Assets/Resources/_Game/Content/Definitions/BossOverlays/*.asset	Wrong: boss overlay MaxStacks at or below 0 does not disable stacking. Runtime actually forces MaxStacks to 1. Choose wire it / delete it / mark it.
legitimate-sentinel	Assets/_Game/Scripts/Runtime/Unity/ContentConversion/CatalogEntryConverter.cs:53	SM.Content.Definitions.CharacterDefinition.Race	missing	empty race id	true	documented	-	-
legitimate-sentinel	Assets/_Game/Scripts/Runtime/Unity/ContentConversion/CatalogEntryConverter.cs:54	SM.Content.Definitions.CharacterDefinition.Class	missing	empty class id	true	documented	-	-
legitimate-sentinel	Assets/_Game/Scripts/Runtime/Unity/ContentConversion/CatalogEntryConverter.cs:55	SM.Content.Definitions.CharacterDefinition.DefaultArchetype	missing	empty archetype id	true	documented	-	-
legitimate-sentinel	Assets/_Game/Scripts/Runtime/Unity/ContentConversion/CatalogEntryConverter.cs:56	SM.Content.Definitions.CharacterDefinition.DefaultRoleInstruction	missing	empty role instruction id	true	documented	-	-
legitimate-sentinel	Assets/_Game/Scripts/Runtime/Unity/ContentConversion/CatalogEntryConverter.cs:75	SM.Content.Definitions.PassiveNodeDefinition.GrantedSkillId	null	empty skill id	true	documented	-	-
legitimate-sentinel	Assets/_Game/Scripts/Runtime/Unity/ContentConversion/CatalogEntryConverter.cs:83	SM.Content.Definitions.ItemBaseDefinition.WeaponFamilyTag	null	empty weapon family	true	documented	-	-
legitimate-sentinel	Assets/_Game/Scripts/Runtime/Unity/ContentConversion/CatalogEntryConverter.cs:103	SM.Content.Definitions.AffixDefinition.ExclusiveGroupId	null	empty exclusive group	true	documented	-	-
legitimate-sentinel	Assets/_Game/Scripts/Runtime/Unity/ContentConversion/CatalogEntryConverter.cs:117	SM.Content.Definitions.AugmentDefinition.FamilyId	empty	augment Id	false	documented	-	-
trap	Assets/_Game/Scripts/Runtime/Unity/ContentConversion/CatalogEntryConverter.cs:118	SM.Content.Definitions.AugmentDefinition.Tier	below 1	1	false	lt:1	Assets/Resources/_Game/Content/Definitions/Augments/*.asset	Wrong: Augment Tier below 1 is silently changed. Runtime actually uses 1. Choose wire it / delete it / mark it.
legitimate-sentinel	Assets/_Game/Scripts/Runtime/Unity/ContentConversion/CatalogEntryConverter.cs:134	SM.Content.Definitions.AugmentDefinition.TriggeredEffects	null or empty	no triggered effects	true	documented	-	-
trap	Assets/_Game/Scripts/Runtime/Unity/ContentConversion/CatalogEntryConverter.cs:150	SM.Content.Definitions.TriggeredEffectSpec.MaxStacks	0 or negative	1	false	lte:0	Assets/Resources/_Game/Content/Definitions/Augments/*.asset	Wrong: augment triggered-effect MaxStacks at or below 0 does not disable stacking. Runtime actually forces MaxStacks to 1. Choose wire it / delete it / mark it.
trap	Assets/_Game/Scripts/Runtime/Unity/ContentConversion/CatalogEntryConverter.cs:156	SM.Content.Definitions.SynergyTierDefinition.Threshold	0 or negative	tier is silently dropped	false	lte:0	Assets/Resources/_Game/Content/Definitions/Synergies/*.asset	Wrong: Synergy Threshold at or below 0 does not create a zero-threshold tier. Runtime actually drops that tier. Choose wire it / delete it / mark it.
legitimate-sentinel	Assets/_Game/Scripts/Runtime/Unity/ContentConversion/StatusConverter.cs:57	SM.Content.Definitions.CleanseProfileDefinition.GrantedStatusId	empty	unstoppable	false	documented	-	-
trap	Assets/_Game/Scripts/Runtime/Combat/Services/StatusResolutionService.cs:216	SM.Content.Definitions.CleanseProfileDefinition.GrantedUnstoppableDurationSeconds	0 or negative	0.1 seconds	false	lte:0	Assets/Resources/_Game/Content/Definitions/CleanseProfiles/*.asset	Wrong: GrantedUnstoppableDurationSeconds at or below 0 does not disable the grant. Runtime actually uses 0.1 seconds. Choose wire it / delete it / mark it.
trap	Assets/_Game/Scripts/Runtime/Combat/Model/CombatStatusRules.cs:212	SM.Content.Definitions.StatusFamilyDefinition.TenacityScale	outside 0..1	clamped to 0..1	false	outside:0:1	Assets/Resources/_Game/Content/Definitions/StatusFamilies/*.asset	Wrong: TenacityScale outside 0..1 is silently changed. Runtime actually clamps it into 0..1. Choose wire it / delete it / mark it.
trap	Assets/_Game/Scripts/Runtime/Content/Definitions/StatusFamilyDefinition.cs:46	SM.Content.Definitions.StatusFamilyDefinition.MagnitudeScale	missing serialized key	C# initializer 1 if Unity preserves it	false	missing	Assets/Resources/_Game/Content/Definitions/StatusFamilies/*.asset	Wrong: a missing MagnitudeScale key relies on deserialization preserving the field initializer. Runtime actually expects scale 1 but the serialized source does not say so. Choose wire it / delete it / mark it.
trap	Assets/_Game/Scripts/Runtime/Combat/Model/UnitSnapshot.cs:687	SM.Content.Definitions.ControlDiminishingRuleDefinition.WindowSeconds	0 or negative	no control-resist window	false	lte:0	Assets/Resources/_Game/Content/Definitions/ControlDiminishingRules/*.asset	Wrong: WindowSeconds at or below 0 silently disables the control-resist window. Runtime actually returns without applying it. Choose wire it / delete it / mark it.
legitimate-sentinel	Assets/_Game/Scripts/Runtime/Unity/ContentConversion/RewardConverter.cs:57	SM.Content.Definitions.LootBundleEntryDefinition.Id	empty	rewardType:rarity:amount derived id	false	documented	-	-
trap	Assets/_Game/Scripts/Runtime/Unity/ContentConversion/RewardConverter.cs:59	SM.Content.Definitions.LootBundleEntryDefinition.Amount	below 1	1	false	lt:1	Assets/Resources/_Game/Content/Definitions/LootBundles/*.asset	Wrong: LootBundle Amount below 1 is silently changed. Runtime actually uses 1. Choose wire it / delete it / mark it.
trap	Assets/_Game/Scripts/Runtime/Unity/ContentConversion/RewardConverter.cs:61	SM.Content.Definitions.LootBundleEntryDefinition.Weight	below 1	1	false	lt:1	Assets/Resources/_Game/Content/Definitions/LootBundles/*.asset	Wrong: LootBundle Weight below 1 is silently changed. Runtime actually uses 1. Choose wire it / delete it / mark it.
legitimate-sentinel	Assets/_Game/Scripts/Runtime/Unity/ContentConversion/ContentDefinitionRegistry.cs:169	all top-level definition collections	empty Resources collection	parsed canonical content fallback for that collection	false	documented	-	-
legitimate-sentinel	Assets/_Game/Scripts/Runtime/Unity/ContentConversion/ContentDefinitionRegistry.cs:384	SM.Unity.FirstPlayableSliceDefinitionAsset	missing authored slice	new empty FirstPlayableSliceDefinition	false	documented	-	-
legitimate-sentinel	Assets/_Game/Scripts/Runtime/Unity/ContentConversion/ContentDefinitionRegistry.cs:455	SM.Unity.SliceCoverageQuota collection	null	empty quota list	false	documented	-	-
legitimate-sentinel	Assets/_Game/Scripts/Runtime/Unity/FirstPlayableSliceDefinitionAsset.cs:69	all FirstPlayable id lists	empty ids or duplicate ids	dropped and deduplicated list	false	documented	-	-
legitimate-sentinel	Assets/_Game/Scripts/Runtime/Unity/ContentTextResolver.cs:259	all authored NameKey and DescriptionKey fields	missing table/key/translation	legacy text then stable id humanized then unknown	false	documented	-	-
legitimate-sentinel	Assets/_Game/Scripts/Runtime/Unity/UI/ContentIconResolver.cs:202	SM.Content.Definitions.SkillDefinitionAsset.IconId	empty	derived skill_icon_ id	false	documented	-	-
legitimate-sentinel	Assets/_Game/Scripts/Runtime/Unity/UI/ContentIconResolver.cs:214	SM.Content.Definitions.ItemBaseDefinition.IconId	empty	slot or weapon-family icon id	false	documented	-	-
legitimate-sentinel	Assets/_Game/Scripts/Runtime/Unity/UI/ContentIconResolver.cs:236	SM.Content.Definitions.AugmentDefinition.IconId	empty	derived augment_ id	false	documented	-	-
legitimate-sentinel	Assets/_Game/Scripts/Runtime/Unity/Sandbox/CombatSandboxScenarioCompiler.cs:62	SM.Unity.Sandbox.CombatSandboxScenarioMetadata.ScenarioId	empty	config Id then sandbox_default	false	documented	-	-
legitimate-sentinel	Assets/_Game/Scripts/Runtime/Unity/Sandbox/CombatSandboxScenarioCompiler.cs:67	SM.Unity.Sandbox.CombatSandboxScenarioMetadata.DisplayName	empty	config DisplayName then scenario id	false	documented	-	-
trap	Assets/_Game/Scripts/Runtime/Unity/Sandbox/CombatSandboxScenarioCompiler.cs:88	SM.Unity.Sandbox.CombatSandboxExecutionSettings.PresetId	empty or UseScenarioAuthoring false	legacy sandbox configuration replaces authored scenario execution	false	existing-validator:reachability-fallback-registry	-	Wrong: an empty PresetId or disabled scenario authoring silently selects the legacy sandbox lane. Runtime actually compiles legacy configuration instead of the authored scenario. Choose wire it / delete it / mark it.
legitimate-sentinel	Assets/_Game/Scripts/Runtime/Unity/Sandbox/CombatSandboxScenarioCompiler.cs:89	SM.Unity.Sandbox.CombatSandboxExecutionSettings.DisplayName	empty	scenario display name	false	documented	-	-
legitimate-sentinel	Assets/_Game/Scripts/Runtime/Unity/Sandbox/CombatSandboxScenarioCompiler.cs:94	SM.Unity.Sandbox.CombatSandboxExecutionSettings.PresetId	empty	scenario id	false	documented	-	-
trap	Assets/_Game/Scripts/Runtime/Unity/Sandbox/CombatSandboxScenarioCompiler.cs:112	SM.Unity.Sandbox.CombatSandboxExecutionSettings.BatchCount	0 or negative	max of 1 and legacy config BatchCount	false	lte:0	Assets/Resources/_Game/Content/Definitions/QuickBattle/*.asset	Wrong: sandbox BatchCount at or below 0 does not disable execution. Runtime actually substitutes legacy BatchCount with a minimum of 1. Choose wire it / delete it / mark it.
legitimate-sentinel	Assets/_Game/Scripts/Runtime/Unity/Sandbox/CombatSandboxScenarioCompiler.cs:117	SM.Unity.Sandbox.CombatSandboxExecutionSettings.Seed	missing external seed override	authored seed-mode resolution	true	documented	-	-
legitimate-sentinel	Assets/_Game/Scripts/Runtime/Unity/Sandbox/CombatSandboxScenarioCompiler.cs:188	SM.Unity.Sandbox.CombatSandboxTeamDefinition.Members	empty	legacy ally/enemy slot synthesis	false	documented	-	-
legitimate-sentinel	Assets/_Game/Scripts/Runtime/Unity/Sandbox/CombatSandboxScenarioCompiler.cs:519	SM.Unity.Sandbox.CombatSandboxTeamMemberDefinition.MemberId	empty	character/archetype-based generated hero id	false	documented	-	-
legitimate-sentinel	Assets/_Game/Scripts/Runtime/Unity/Sandbox/CombatSandboxScenarioCompiler.cs:522	SM.Unity.Sandbox.CombatSandboxTeamMemberDefinition.DisplayName	empty	character id then archetype id	false	documented	-	-
legitimate-sentinel	Assets/_Game/Scripts/Runtime/Unity/Sandbox/CombatSandboxScenarioCompiler.cs:585	SM.Unity.Sandbox.CombatSandboxTeamMemberDefinition.ArchetypeId	empty	character DefaultArchetypeId	false	documented	-	-
legitimate-sentinel	Assets/_Game/Scripts/Runtime/Unity/Sandbox/CombatSandboxScenarioCompiler.cs:637	SM.Unity.Sandbox.CombatSandboxTeamDefinition.Members	no resolved configured members	current squad hero ids	false	documented	-	-
legitimate-sentinel	Assets/_Game/Scripts/Runtime/Unity/Sandbox/CombatSandboxScenarioCompiler.cs:684	SM.Unity.Sandbox.CombatSandboxTeamMemberDefinition.RoleInstructionId	empty	build override role instruction then current role assignment	false	documented	-	-
legitimate-sentinel	Assets/_Game/Scripts/Runtime/Unity/Sandbox/CombatSandboxScenarioCompiler.cs:719	SM.Unity.Sandbox.CombatSandboxBuildOverrideData.FlexActiveSkillId	empty	hero record FlexActiveId	false	documented	-	-
legitimate-sentinel	Assets/_Game/Scripts/Runtime/Unity/Sandbox/CombatSandboxScenarioCompiler.cs:720	SM.Unity.Sandbox.CombatSandboxBuildOverrideData.FlexPassiveSkillId	empty	hero record FlexPassiveId	false	documented	-	-
legitimate-sentinel	Assets/_Game/Scripts/Runtime/Unity/Sandbox/CombatSandboxScenarioCompiler.cs:721	SM.Unity.Sandbox.CombatSandboxBuildOverrideData.PositiveTraitId	empty	hero record PositiveTraitId	false	documented	-	-
legitimate-sentinel	Assets/_Game/Scripts/Runtime/Unity/Sandbox/CombatSandboxScenarioCompiler.cs:722	SM.Unity.Sandbox.CombatSandboxBuildOverrideData.NegativeTraitId	empty	hero record NegativeTraitId	false	documented	-	-
legitimate-sentinel	Assets/_Game/Scripts/Runtime/Unity/Sandbox/CombatSandboxScenarioCompiler.cs:727	SM.Unity.Sandbox.CombatSandboxBuildOverrideData.EquippedItems	empty	hero record equipped items	false	documented	-	-
legitimate-sentinel	Assets/_Game/Scripts/Runtime/Unity/Sandbox/CombatSandboxScenarioCompiler.cs:748	SM.Unity.Sandbox.CombatSandboxBuildOverrideData.PassiveBoardId	empty	hero passive board id	false	documented	-	-
legitimate-sentinel	Assets/_Game/Scripts/Runtime/Unity/Sandbox/CombatSandboxScenarioCompiler.cs:751	SM.Unity.Sandbox.CombatSandboxBuildOverrideData.PassiveNodeIds	empty	hero selected passive nodes	false	documented	-	-
legitimate-sentinel	Assets/_Game/Scripts/Runtime/Unity/Sandbox/CombatSandboxScenarioCompiler.cs:754	SM.Unity.Sandbox.CombatSandboxBuildOverrideData.PermanentAugmentIds	empty	hero permanent augment loadout	false	documented	-	-
legitimate-sentinel	Assets/_Game/Scripts/Runtime/Unity/Sandbox/CombatSandboxScenarioCompiler.cs:810	SM.Unity.Sandbox.CombatSandboxTeamDefinition.TeamTacticId	empty with StandardAdvance	no explicit team tactic override	true	documented	-	-
legitimate-sentinel	Assets/_Game/Scripts/Runtime/Unity/Sandbox/CombatSandboxScenarioCompiler.cs:824	SM.Unity.Sandbox.CombatSandboxTeamDefinition.HeroTargetDirectives	empty	null directive map	true	documented	-	-
legitimate-sentinel	Assets/_Game/Scripts/Runtime/Unity/Sandbox/CombatSandboxScenarioCompiler.cs:836	SM.Unity.Sandbox.CombatSandboxTeamMemberDefinition.TargetDirectiveId	empty	no target directive	true	documented	-	-
legitimate-sentinel	Assets/_Game/Scripts/Runtime/Unity/Sandbox/CombatSandboxScenarioCompiler.cs:874	SM.Unity.Sandbox.CombatSandboxTeamDefinition.TeamId	empty	empty provenance team tag	false	documented	-	-
legitimate-sentinel	Assets/_Game/Scripts/Runtime/Unity/Sandbox/CombatSandboxScenarioCompiler.cs:1109	SM.Unity.Sandbox.CombatSandboxConfig.TeamTacticId	empty	current town team tactic id	false	documented	-	-
legitimate-sentinel	Assets/_Game/Scripts/Runtime/Unity/Sandbox/CombatSandboxScenarioCompiler.cs:1165	SM.Unity.Sandbox.CombatSandboxEnemySlot.ParticipantId	empty	generated enemy.character-or-archetype.anchor id	false	documented	-	-
legitimate-sentinel	Assets/_Game/Scripts/Runtime/Unity/Sandbox/CombatSandboxScenarioCompiler.cs:1182	SM.Unity.Sandbox.CombatSandboxEnemySlot.TemporaryAugmentIds	null	empty augment list	false	documented	-	-
trap	Assets/_Game/Scripts/Runtime/Unity/GameSessionState.cs:443	SM.Unity.Sandbox.CombatSandboxConfig.Seed	0	17	false	eq:0	Assets/Resources/_Game/Content/Definitions/QuickBattle/*.asset	Wrong: sandbox Seed 0 is not seed zero. Runtime actually substitutes seed 17. Choose wire it / delete it / mark it.
